Etykieta,Liczba próbek,Œrednia,Min,Max,Odch. std.,% b³êdów,Przepustowoœæ,KB/sek,bitów œrednio
1 /,10,187,0,445,"189,14","50,00%",",4","9,97","23853,6"
4 /r/collect,10,69,44,88,"14,76","0,00%",",4","0,16","373,0"
6 /rgr.html,10,65,43,93,"16,60","0,00%",",4","0,40","946,2"
3 /bar.gif,10,43,26,58,"8,27","0,00%",",4","0,27","642,0"
5 /,10,159,0,357,"159,62","50,00%",",4","4,62","10829,4"
2 /r0598324501/dot.gif,10,96,74,119,"12,81","0,00%",",4","0,91","2120,0"
7 /bar.gif,10,79,63,92,"11,32","0,00%",",4","0,28","645,0"
9 /RM/ads/adstream_lx.ads/www.wp.pl/index.html/L20/36029094/x90/OasDefault/WP_InfinityBokx_kodsterujacy/4743833.html/572b63595731616a6851454144755847,10,0,0,0,"0,00","100,00%",",4","0,52","1201,0"
10 /RM/ads/adstream_lx.ads/www.wp.pl/index.html/L9/1176008870/x32/OasDefault/PustyPontencjal_ROS_boks32/zliczenie_pustego_boks32.html/572b63595731616a6851454144755847,10,0,0,0,"0,00","100,00%",",4","0,53","1217,0"
8 /RM/ads/adstream_lx.ads/www.wp.pl/index.html/L20/15216419/x91/OasDefault/WP_InfinitySky_kodsterujacy/4743833.html/572b63595731616a6851454144755847,10,0,0,0,"0,00","100,00%",",4","0,52","1200,0"
11 /g/fsc.gif,10,45,28,61,"11,58","0,00%",",4","0,20","455,8"
12 /Uk0vQm94LzIwMTYtMDEvcnAvOTM0MTkvMjAuMDE=/wp_dd_158x91_21012016.jpg,10,58,0,134,"59,64","50,00%",",4","3,53","8192,0"
14 /RM/ads/adstream_lx.ads/www.wp.pl/index.html/L20/457449643/x86/OasDefault/3419_209830_BONPRIX_kafelek_StylZycia_DD/92-hairmastic583682595689595695597368599246602007607278607281607283607341629344643469643475645391645393649429651085.html/572b63595731616a6851454144755847,10,78,55,109,"14,74","0,00%",",4","0,21","492,0"
13 /Uk0vQm94LzIwMTYtMDEvcnAvOTM0MTkvMjEuMDE=/wp_dd_158x91_21012016.jpg,10,306,39,1188,"442,54","0,00%",",4","5,49","13337,0"
16 /r1121918215/show.gif,10,82,68,102,"12,45","0,00%",",4","0,68","1653,0"
19 /RM/ads/adstream_lx.ads/www.wp.pl/index.html/L20/1172023521/x84/OasDefault/80270_182170_wp_sg_link_sport_kafelek_diety/80058_181732_sg_purehealth_link-sport-kafel_01a2602698650217.html/572b63595731616a6851454144755847,10,70,54,81,"7,70","0,00%",",4","0,20","492,0"
15 /Uk0vQm94LzIwMTUtMTIvX2Jhc3NrYS8xMjE=/158x292_sale.jpg,10,179,0,1198,"346,89","50,00%",",4","4,59","11146,5"
17 /Uk0vQm94LzIwMTUtMTIvX2Jhc3NrYS8xNDU=/158x292_z-domu_antena.jpg,10,229,40,1122,"299,62","0,00%",",4","5,35","12996,0"
18 /RM/ads/adstream_lx.ads/www.wp.pl/index.html/L20/1350583719/x85/OasDefault/93419_209829_BONPRIX_kafelek_Finanse_DD/92-hairmastic583682595689595695597368599246602007607278607281607283607341629344643469643475645391645393649429.html/572b63595731616a6851454144755847,10,84,66,102,"12,13","0,00%",",4","0,20","492,0"
22 /RM/ads/adstream_lx.ads/www.wp.pl/index.html/L20/796746306/x27/OasDefault/84701_209539_NCplus_SG-wp_geobox_01/847011626949645464645465645466647254650333.html/572b63595731616a6851454144755847,10,85,61,104,"12,48","0,00%",",4","0,20","492,0"
21 /RM/ads/adstream_lx.ads/www.wp.pl/index.html/L20/367148523/x81/OasDefault/94045_211396_sg_archicom_linkRegio_01/94045_211396_sg_archicom_linkRegio_01a5.html/572b63595731616a6851454144755847,10,79,60,92,"9,43","0,00%",",4","0,20","492,0"
20 /RM/ads/adstream_lx.ads/www.wp.pl/index.html/L20/1135066478/x82/OasDefault/93505_210039_Sport_zaslepka_linktxt_01/2100391648345650916.html/572b63595731616a6851454144755847,10,82,71,106,"8,92","0,00%",",4","0,20","492,0"
23 /RM/ads/adstream_lx.ads/www.wp.pl/index.html/L20/1450252604/x21/OasDefault/92914_208682__Denley_SG-wp_geobox_2/2063531644344644346644347645438645440645441650258.html/572b63595731616a6851454144755847,10,87,78,100,"7,67","0,00%",",4","0,20","492,0"
24 /RM/ads/adstream_lx.ads/www.wp.pl/index.html/L20/1311665762/x13/OasDefault/92418-199099_Lidl_wpbox_Finanse_23-01/175975_LIDL_wpbox-finanse_1_IV_01599947603368604459619646626285628198651050651051.html/572b63595731616a6851454144755847,10,87,73,103,"8,87","0,00%",",4","0,20","492,0"
25 /RM/ads/adstream_lx.ads/www.wp.pl/index.html/L20/944324183/x11/OasDefault/94306_211902_Komfort_sg_wpbox11_01/2119021.html/572b63595731616a6851454144755847,10,84,75,93,"5,78","0,00%",",4","0,20","492,0"
26 /Uk0vQm94LzIwMTYtMDEvX2tqL2tvbWZvcnQyLzMzMA==/komfort_wyprzedaz_330x170.html,10,45,0,109,"45,61","50,00%",",4","0,69","1673,5"
27 /Uk0vQm94LzIwMTYtMDEvamVqby85NDI3NGxvcmVt/72letnia1a.jpg,10,174,42,1081,"304,58","0,00%",",4","4,98","12068,0"
36 /Uk0vQm94LzIwMTUtMTIvcnAvOTE3MjcvMTUuMTI=/158x120_PL_txf_snakersy_vr_140930_1512.jpg,10,79,36,186,"44,01","0,00%",",4","6,34","15373,0"
30 /Uk0vQm94LzIwMTYtMDEvamVqby85MzUxNGdlbw==/v2_baner3-158x292.jpg,10,82,43,139,"29,14","0,00%",",4","9,41","22818,0"
34 /Uk0vQm94LzIwMTYtMDEvbWIvOTMzMTg=/322x191.gif,10,100,43,173,"49,79","0,00%",",4","9,39","22776,0"
35 /Uk0vQm94LzIwMTYtMDEvOTMzNDVfQmxh/158x85-group-orange-front.jpg,10,50,33,70,"12,04","0,00%",",4","2,48","6000,0"
37 /Uk0vQm94LzIwMTYtMDEvcnAvOTM0MTkvMjAuMDE=/wp_dd_332x191_21012016.jpg,10,203,56,1151,"318,82","0,00%",",4","12,95","31429,0"
31 /Uk0vQm94LzIwMTYtMDEvcnAvOTM0MTkvMjEuMDE=/wp_dd_158x85_21012016.jpg,10,74,33,161,"45,89","0,00%",",4","3,10","7505,0"
28 /Uk0vQm94LzIwMTYtMDEvbWFycw==/158x85_Lizbona.gif,10,79,0,189,"80,15","50,00%",",4","3,88","9365,5"
32 /RM/Box/2015-08/rp/85482/sol-z-MM-332x191.gif,10,200,147,259,"32,19","0,00%",",4","12,66","30687,0"
33 /Uk0vQm94LzIwMTYtMDEvcnAvOTI3Njk=/332x191-zimowe-aktywnosci.png,10,192,55,1122,"310,86","0,00%",",4","11,51","27781,0"
29 /RM/Box/2015-12/jejo/92765lorem/geobox-zielony1a.jpg,10,89,45,138,"26,90","0,00%",",4","7,70","18473,0"
39 /Uk0vQm94LzIwMTYtMDEvX2tqL2tvbWZvcnQyLzMzMA==/komfort_wyprzedaz_330x170.js,10,87,47,145,"36,97","0,00%",",4","2,33","5609,0"
40 /Uk0vQm94LzIwMTUtMTAvbWNkL3Rvb2xz/h5tv1.min.js,10,56,35,136,"27,98","0,00%",",4","0,64","1542,0"
38 /BurstingPipe/adServer.bs,10,63,0,148,"64,68","50,00%",",4","0,57","1373,3"
28 /Uk0vQm94LzIwMTYtMDEvbW4vOTM0OTM=/158x292_PL_102-luszczyca-tkr-wp_4cac674d.jpg,10,108,65,250,"70,35","0,00%",",4","17,98","42854,0"
41 /Uk0vQm94LzIwMTYtMDEvX2tqL2tvbWZvcnQyLzMzMA==/images/dywan.jpg,10,225,100,1190,"321,84","0,00%",",4","12,01","28511,0"
42 /RM/ads/adstream_lx.ads/www.wp.pl/index.html/L20/416413110/x12/OasDefault/94305_211901_LOREM-WPBox-sport_01/210347_zajawka3a651238651241651400.html/572b63595731616a6851454144755847,10,48,31,72,"13,81","0,00%",",4","0,21","492,0"
43 /Uk0vQm94LzIwMTYtMDEvX2tqL2tvbWZvcnQyLzMzMA==/images/panel.jpg,9,84,46,178,"36,17","0,00%",",4","6,59","17183,0"
44 /RM/ads/adstream_lx.ads/www.wp.pl/index.html/L20/1480481666/x56/OasDefault/93372_209647_Esky_SG-wp_box56_01/73499_podmi494649496649498650601650617650619650620650625.html/572b63595731616a6851454144755847,9,90,72,116,"11,78","0,00%",",4","0,19","492,0"
45 /Uk0vQm94LzIwMTYtMDEvX2tqL2tvbWZvcnQyLzMzMA==/images/wykladzina.jpg,9,179,39,1087,"321,49","0,00%",",4","7,28","19026,0"
46 /RM/ads/adstream_lx.ads/www.wp.pl/index.html/L20/256760563/x57/OasDefault/93345_209567_BlaBla_SG-wp_box57/81050_1624712625318625319625843625845626524628641648986649002651220.html/572b63595731616a6851454144755847,8,81,54,115,"16,84","0,00%",",3","0,17","492,0"
47 /RM/ads/adstream_lx.ads/www.wp.pl/index.html/L20/621147073/x19/OasDefault/93493-210020_WP_ITF_geobox_CPC/841731611681612792614656614657614658614659622624644744645568648323648951.html/572b63595731616a6851454144755847,7,230,58,1078,"346,61","0,00%",",3","0,15","492,0"
48 /RM/ads/adstream_lx.ads/www.wp.pl/index.html/L20/1277394741/x23/OasDefault/93455_209919_Lorem-geodoubleboks_01/geobox-ads1a645098645300.jpg.html/572b63595731616a6851454144755847,7,70,62,86,"7,74","0,00%",",3","0,15","492,0"
49 /RM/ads/adstream_lx.ads/www.wp.pl/index.html/L20/2024054226/x25/OasDefault/93514_210046_NET_IDEAS-geodoubleboks_01/210046_baner3650567.html/572b63595731616a6851454144755847,7,86,74,112,"12,32","0,00%",",3","0,15","492,0"
50 /RM/ads/adstream_lx.ads/www.wp.pl/index.html/L20/381486388/x29/OasDefault/93530_210079_diety_geobox_01/93530_210079_diety_geobox648993.html/572b63595731616a6851454144755847,7,79,63,93,"8,81","0,00%",",3","0,15","492,0"
51 /RM/ads/adstream_lx.ads/www.wp.pl/index.html/L20/664989670/x50/OasDefault/93003_208834_zalando_ecSky_01/82316_186898_zalando_ecSky_015917605917655933196007956019976019996020006644939.html/572b63595731616a6851454144755847,7,88,59,127,"21,94","0,00%",",3","0,15","492,0"
52 /RM/ads/adstream_lx.ads/www.wp.pl/index.html/L20/579111995/x51/OasDefault/93419_209828_BONPRIX_EcSmall_x51_DD/792493050643489645329648180649432651083.html/572b63595731616a6851454144755847,7,79,55,108,"15,57","0,00%",",3","0,15","492,0"
53 /RM/ads/adstream_lx.ads/www.wp.pl/index.html/L20/1098421359/x52/OasDefault/92769_208343_Ceneo_EcLarge_01/79043_179521_Ceneo_EcLarge_01595240599800609051615509618707618708618747625436645485645487645488649771.html/572b63595731616a6851454144755847,7,82,67,94,"10,54","0,00%",",3","0,15","492,0"
54 /RM/ads/adstream_lx.ads/www.wp.pl/index.html/L20/1682830291/x53/OasDefault/93420_209832_BingoSpa_EcLarge/85482_193274_BingoSpa_EcLarge_01601772.html/572b63595731616a6851454144755847,6,79,66,96,"9,49","0,00%",",3","0,14","492,0"
55 /RM/ads/adstream_lx.ads/www.wp.pl/index.html/L20/1445619734/x54/OasDefault/93318_209504_Endo_SG-wp_EClarge_05/919841643539649587.html/572b63595731616a6851454144755847,6,78,70,88,"6,90","0,00%",",3","0,14","492,0"
56 /RM/ads/adstream_lx.ads/www.wp.pl/index.html/L20/1575628087/x55/OasDefault/93419_209827_bonprix_EcLarge_01/80618_182947_Bonprix_EcLarge_01585352585354585647597500597671599295610257643493645319648190649400650983.html/572b63595731616a6851454144755847,6,77,65,98,"13,98","0,00%",",3","0,14","492,0"
57 /_1453557629498/rexdot.js,6,113,80,140,"19,47","0,00%",",3","0,36","1279,0"
58 /r3594893559/clk.gif,6,84,61,121,"18,94","0,00%",",3","0,51","1807,0"
59 /r0969628995/dot.gif,6,133,52,302,"80,04","0,00%",",3","0,60","2150,0"
60 /,6,652,276,1186,"340,83","0,00%",",3","7,08","25988,8"
65 /a/i/stg/gfk/sst_100.js,6,99,37,142,"34,36","0,00%",",3","0,27","946,0"
"64 /a/i/stg/550/3323,984.css",6,66,47,93,"15,23","0,00%",",3","2,05","7193,0"
63 /a/i/wpsocialadmin/1.3/wpsocial.js,6,127,46,382,"117,21","0,00%",",3","2,86","10012,0"
67 /a/i/wiadomosci/favicon/favicon-160x160.png,5,94,56,196,"53,04","0,00%","3,6","39,15","11057,0"
69 /a/i/wiadomosci/favicon/favicon-16x16.png,5,47,31,62,"13,53","0,00%","3,5","4,39","1298,0"
70 /a/i/wiadomosci/favicon/favicon-32x32.png,5,51,31,70,"13,65","0,00%","3,4","6,61","1990,0"
68 /a/i/wiadomosci/favicon/favicon-96x96.png,5,68,44,112,"23,30","0,00%","3,3","20,22","6204,0"
"66 /a/i/stg/692,wpjslib_103.js",5,402,320,543,"81,60","0,00%","2,9","248,35","89008,0"
62 /desktop/js/index.min.js,5,281,249,343,"32,99","0,00%","3,1","159,77","52321,6"
71 /a/i/wiadomosci/favicon/favicon.ico,5,122,64,195,"46,73","0,00%","3,4","51,91","15425,0"
61 /s.css,5,609,478,756,"99,19","0,00%","2,5","369,85","149673,2"
73 /a/i/wiadomosci/rebrand/wp_w_wiadomosci.png,5,52,39,62,"7,76","0,00%","3,5","5,10","1476,0"
72 /a/i/wiadomosci/rebrand/wp_w.png,5,67,46,138,"35,31","0,00%","3,5","6,48","1872,0"
78 /a/f/jpeg/36110/kod_konstytucja2015_203.jpeg,5,88,61,133,"27,08","0,00%","3,8","51,25","13969,0"
77 /a/f/jpeg/36242/refugees_203.jpeg,5,80,64,113,"19,79","0,00%","3,9","44,78","11858,0"
76 /a/f/jpeg/36242/szyszko1_203.jpeg,5,72,43,93,"17,18","0,00%","3,9","26,98","7066,0"
79 /a/f/jpeg/35757/fotolia_urzednik_203.jpeg,5,59,41,91,"17,30","0,00%","3,9","23,64","6168,0"
82 /a/i/wiadomosci/2011/galeria_wideo.png,5,56,38,69,"10,40","0,00%","3,9","3,82","998,0"
93 /a/f/jpeg/36242/pawlowicz_grozi_tvn140.jpeg,5,54,46,64,"6,02","0,00%","4,0","33,17","8545,0"
100 /a/f/jpeg/36213/oobietnice_eastnews_140.jpeg,5,76,50,95,"19,50","0,00%","4,0","22,68","5793,0"
102 /a/f/jpeg/33619/boeing_katowice_airport_fb_140.jpeg,5,67,50,89,"13,42","0,00%","4,2","16,65","4101,0"
92 /a/f/jpeg/35573/wp_szelemej_andrzej_duda_140.jpeg,5,128,65,237,"66,45","0,00%","4,0","95,46","24281,0"
109 /bar.gif,5,49,35,72,"13,12","0,00%","4,8","2,99","642,0"
110 /a/f/jpeg/32086/rosja_flaga_pap_epa_arch_140.jpeg,5,74,57,97,"13,97","0,00%","4,8","35,94","7670,0"
"91 /r,id,d14xNDA7aF45MDt1Xmh0dHA6Ly9pLndwLnBsL2EvZi9qcGVnLzM2MjM1L3RlbGUyMDMuanBlZztxXjAuOTtjXnRydWU7c2NedHJ1ZTt0XmpwZztzXndpYWRvbW9zY2k7ZnReMQ==.jpg",5,159,124,184,"22,31","0,00%","4,4","40,67","9403,0"
98 /a/f/jpeg/36223/petru_pap_epa_140.jpeg,5,94,51,139,"37,53","0,00%","4,9","79,62","16535,0"
"83 /r,id,d142NTA7aF4xMDA7dV5odHRwOi8vaS53cC5wbC9hL2YvanBlZy8zNjAyOC9kdXphX3NhbGFfcm96cHJhd190azMwMC5qcGVnO3FeMC44O2NedHJ1ZTtzY150cnVlO3ReanBnO3Ned2lhZG9tb3NjaTtmdF4x.jpg",5,136,83,197,"37,20","0,00%","5,0","93,01","18934,0"
81 /a/f/jpeg/36242/saka_203.jpeg,5,143,88,240,"55,65","0,00%","5,6","180,39","32695,0"
112 /pl1-sst-w.js,5,151,128,174,"15,07","0,00%","5,7","13,58","2445,0"
101 /a/f/jpeg/28383/wp_telewizja_pilot_telewizor_szelemej_140.jpeg,5,123,66,215,"52,62","0,00%","6,3","177,44","28818,0"
116 /collect,5,43,23,61,"13,60","0,00%","7,1","2,68","386,0"
113 /a/f/jpeg/29501/wp_donald_tusk_marcin_gadomski140.jpeg,5,105,61,176,"40,45","0,00%","6,6","136,46","21323,0"
111 /a/f/jpeg/32509/wp_logo_po_sejm_baner_andrzej_hulimka140.jpeg,5,155,95,281,"68,31","0,00%","6,6","207,96","32156,0"
115 /bar.gif,5,0,0,1,"0,40","100,00%","8,6","17,56","2089,0"
114 /r2089512291/dot.gif,5,110,81,149,"27,48","0,00%","7,0","14,48","2127,0"
88 /a/i/wiadomosci/2011/galeria_foto.png,5,75,47,96,"16,52","0,00%","7,8","6,94","915,0"
84 /a/f/jpeg/36229/fotolia_pies_patyk_203.jpeg,5,69,49,99,"20,23","0,00%","8,2","87,01","10834,0"
85 /a/f/jpeg/36232/planeta_203.jpeg,5,103,78,140,"22,92","0,00%","7,7","141,23","18743,0"
74 /a/f/jpeg/28443/pap_szkola_pusta_klasa_388.jpeg,5,156,106,197,"39,43","0,00%","7,8","252,54","32997,0"
87 /a/f/jpeg/28460/wp_sad_akta_gadomski_203.jpeg,5,160,97,262,"67,50","0,00%","9,3","361,19","39871,0"
97 /a/f/jpeg/36212/kaczynski_smiech_xnews_140.jpeg,5,90,61,109,"18,61","0,00%","10,1","48,98","4965,0"
97 /a/f/jpeg/36211/miller_pap_140.jpeg,5,78,74,84,"3,71","0,00%","10,9","118,54","11143,0"
75 /a/f/jpeg/36241/pap_epa_moldawia_203.jpeg,5,128,79,186,"46,97","0,00%","10,2","339,95","34254,0"
106 /a/f/jpeg/33057/blisko_slawomir_mrowinski_wspsz_pz_140.jpeg,5,79,55,114,"21,66","0,00%","10,6","161,30","15526,0"
94 /a/f/jpeg/36242/saka_140.jpeg,5,91,70,150,"29,63","0,00%","9,3","212,12","23372,0"
104 /a/f/jpeg/33627/mcdonalds_afp140.jpeg,5,68,44,80,"13,36","0,00%","9,9","67,10","6967,0"
95 /a/f/jpeg/36241/wp_zaremba_140.jpeg,5,82,72,90,"6,76","0,00%","9,7","56,44","5953,0"
103 /a/f/jpeg/33659/epa_wlochy_ulica_architektura_140.jpeg,5,85,76,92,"6,09","0,00%","9,7","74,75","7869,0"
105 /a/f/jpeg/33078/tvn_140.jpeg,5,53,45,59,"4,56","0,00%","10,4","69,70","6838,0"
80 /a/f/jpeg/33179/separatysci_ukraina_afp203.jpeg,5,234,166,347,"60,24","0,00%","6,5","478,83","75705,0"
99 /a/f/jpeg/33463/kajdanki_zatrzymanie_kobieta_policja140.jpeg,5,91,77,114,"13,00","0,00%","7,2","188,29","26762,0"
96 /a/f/jpeg/36233/pis_eastnews_140.jpeg,5,61,43,70,"9,99","0,00%","7,6","45,73","6134,0"
"86 /r,id,d14xNDA7aF45MDt1Xmh0dHA6Ly9pLndwLnBsL2EvZi9qcGVnLzM2MjM5L3BpczIwMy5qcGVnO3FeMC45O2NedHJ1ZTtzY150cnVlO3ReanBnO3Ned2lhZG9tb3NjaTtmdF4x.jpg",5,185,162,243,"29,30","0,00%","6,6","70,61","10903,0"
"108 /a/i/stg/692,xgemius.js",5,54,45,68,"10,26","0,00%","9,0","48,75","5561,0"
"89 /r,id,d14xNDA7aF45MDt1Xmh0dHA6Ly9pLndwLnBsL2EvZi9qcGVnLzM2MjM4L25qMjAzLmpwZWc7cV4wLjk7Y150cnVlO3NjXnRydWU7dF5qcGc7c153aWFkb21vc2NpO2Z0XjE=.jpg",5,76,44,100,"22,21","0,00%","8,6","87,87","10510,0"
107 /pliki/753_20160123143.js,5,62,48,87,"13,06","0,00%","8,8","53,61","6269,0"
117 /RM/Box/c/b/adrail/rail-multi-1.4.4a.js,5,134,86,178,"36,96","0,00%","8,2","75,69","9409,0"
118 /,5,108,96,123,"10,28","0,00%","7,9","42,02","5421,8"
123 /RM/ads/adstream_lx.ads/wiadomosci.wp.pl/index.html/L27/1709948930/x05/OasDefault/WP_GoogleADX_Finansowe_all_3_rectangle/adM2.html/572b63595731616a6851454144755847,5,0,0,0,"0,00","100,00%","9,9","11,72","1217,0"
119 /a/i/wiadomosci/rebrand/google_red.png,5,57,43,79,"14,61","0,00%","9,0","11,40","1300,0"
121 /a/i/wiadomosci/rebrand/ic_pogoda.png,5,73,48,119,"29,95","0,00%","8,5","97,71","11747,0"
125 /a/i/wiadomosci/2011/kreska.gif,5,51,45,58,"4,76","0,00%","8,4","11,77","1434,0"
"90 /r,id,d14xNDA7aF45MDt1Xmh0dHA6Ly9pLndwLnBsL2EvZi9qcGVnLzM2MjM1L2ltaWdyYW5jaV9hZnAyMDMuanBlZztxXjAuOTtjXnRydWU7c2NedHJ1ZTt0XmpwZztzXndpYWRvbW9zY2k7ZnReMQ==.jpg",5,56,48,63,"5,78","0,00%","8,3","73,08","9070,0"
126 /a/i/wiadomosci/2011/dotts.gif,5,54,37,69,"12,49","0,00%","8,6","11,95","1427,0"
127 /a/i/wiadomosci/2011/li_dot.gif,5,59,48,77,"9,87","0,00%","8,3","11,56","1428,0"
124 /a/i/wiadomosci/2011/sprites.png,5,48,37,65,"10,84","0,00%","8,1","8,66","1098,0"
122 /a/i/wiadomosci/rebrand/sprite.png,5,97,55,130,"26,57","0,00%","7,3","119,04","16748,0"
120 /i/ivar/layout/201201/gwp_s.png,5,178,160,193,"14,47","0,00%","6,5","149,87","23450,0"
128 /a/i/wiadomosci/2011/helvetica45regular-webfont.woff,5,95,79,114,"13,41","0,00%","7,3","143,32","19988,0"
129 /redir,5,146,95,185,"36,76","0,00%","7,3","15,85","2233,0"
130 /tag/js/gpt.js,5,101,54,172,"39,51","0,00%","8,4","15,38","1884,0"
131 /RM/ads/adstream_lx.ads/wiadomosci.wp.pl/index.html/L27/212040073/x29/OasDefault/BusinessClick_Wiadomosci_boks29/2boksy-028.html/572b63595731616a6851454144755847,5,0,0,0,"0,00","100,00%","11,7","13,93","1215,0"
132 /RM/ads/adstream_lx.ads/wiadomosci.wp.pl/index.html/L27/1029735449/x34/OasDefault/WP_GoogleADX_Finansowe_all_3_rectangle/5230661.html/572b63595731616a6851454144755847,5,0,0,0,"0,00","100,00%","11,7","13,98","1220,0"
134 /a/i/wiadomosci/2011/opacity70.png,5,47,38,55,"6,18","0,00%","10,4","4,33","426,0"
135 /RM/ads/adstream_lx.ads/wiadomosci.wp.pl/index.html/L27/1806500843/x37/OasDefault/WP_GoogleADX_Finansowe_all_3_msky/5230662.html/572b63595731616a6851454144755847,5,0,0,0,"0,00","100,00%","11,5","13,67","1215,0"
133 /awrapper,5,193,178,201,"8,16","0,00%","7,9","46,87","6037,2"
140 /18710/aca044db3847e45d5ab0b4afbd474725/57586d6c6d3921e854071cf783dfa36e.jpeg,5,106,64,157,"34,70","0,00%","8,4","36,00","4372,2"
138 /18136/95fe7238408b7340ec21ef276246a21f/c1f33653fb579cb6857d09c181f3fe5f.jpg,5,98,62,137,"29,69","0,00%","7,9","118,71","15365,2"
142 /RM/ads/adstream_lx.ads/wiadomosci.wp.pl/index.html/L27/1888311343/x18/OasDefault/WP_GoogleADX_Finansowe_all_3_rectangle/adM2584638.html/572b63595731616a6851454144755847,5,0,0,0,"0,00","100,00%","9,3","11,10","1223,0"
141 /mailing/,5,50,38,75,"12,93","0,00%","8,2","2,31","290,2"
139 /18299/7a15e647f00037503727555362641937/b491b4d320a541a7db2cfcbf0cc9d5d6.png,5,159,137,179,"18,39","0,00%","7,1","281,17","40539,2"
137 /ii/pl_pl/_7931/200x100/200x100ron/5d45320f/pfnzm/,5,170,145,230,"31,25","0,00%","7,1","2,84","412,0"
143 /a/i/wiadomosci/2011/ico_star.png,5,52,38,68,"10,42","0,00%","9,2","7,97","890,0"
145 /a/i/wptv3/sprites/minimal_age_icon.png,5,121,55,321,"100,88","0,00%","6,1","24,34","4098,0"
136 /bs/,5,214,179,285,"38,11","0,00%","5,1","3,46","690,0"
146 /redir,5,253,140,629,"188,00","0,00%","5,9","12,88","2229,0"
149 /,5,57,45,75,"10,48","0,00%","6,8","4,78","716,2"
144 /redir,5,235,126,586,"176,47","0,00%","5,8","12,60","2229,0"
150 /RM/ads/adstream_lx.ads/wiadomosci.wp.pl/index.html/L27/492769225/x28/OasDefault/BusinessClick_Wiadomosci_boks28/2boksy-028.html/572b63595731616a6851454144755847,5,0,0,0,"0,00","100,00%","6,8","8,04","1215,0"
148 /redir,5,129,97,187,"30,51","0,00%","5,9","12,76","2229,0"
152 /a/i/wiadomosci/box-reporter-header.png,5,65,44,86,"14,76","0,00%","6,2","24,93","4115,0"
153 /a/i/wiadomosci/box-reporter-bg.png,5,82,41,148,"40,73","0,00%","5,5","93,19","17367,0"
151 /awrapper,5,110,83,124,"14,55","0,00%","5,1","25,23","5110,8"
155 /arrow-3.png,5,44,39,59,"7,42","0,00%","5,5","3,62","673,2"
154 /18414/a56a82fee3e14e4b9f2a35d47c25c24c/1368e0017860f1e7bfeac8b67a5263ab.jpeg,5,125,49,352,"114,69","0,00%","5,5","37,34","6982,2"
156 /RM/ads/adstream_lx.ads/wiadomosci.wp.pl/index.html/L-27/1500402189/x06/OasDefault/92747_208301_Suzuki_naglowek_tapeta_wiadomosci_03/78635_190153_wiadomosci_bosh_nagltap_01a1620656620657624099626059626388642578646124648883.html/572b63595731616a6851454144755847,5,43,31,56,"8,08","0,00%","8,2","3,96","492,0"
158 /r0047775077/show.gif,5,92,73,117,"17,06","0,00%","7,4","12,21","1701,0"
157 /pages/scripts/0011/6469.js,5,143,116,179,"20,99","0,00%","6,6","3,10","478,0"
159 /Uk0vQm94LzIwMTYtMDEvX21pcmVrLzEz/moto_naglowek_1920x142_v2.jpg,5,0,0,1,"0,40","100,00%","8,7","17,77","2089,0"
160 /g/fsc.gif,5,57,34,83,"17,42","0,00%","8,0","3,56","455,0"
147 /as/ADX_nowy_brakkodu.html,5,740,715,793,"27,50","0,00%","3,7","8,93","2459,2"
162 /RM/ads/adstream_lx.ads/wiadomosci.wp.pl/index.html/L-27/813839103/x10/OasDefault/93373_209668_QuismaHollywood_box1/quisma10.html/572b63595731616a6851454144755847,5,40,31,56,"8,74","0,00%","7,6","3,63","492,0"
163 /adi/9742/9976/59417,5,148,125,185,"22,75","0,00%","6,3","11,21","1822,6"
161 /Uk0vQm94LzIwMTYtMDEvX21pcmVrLzA3/tapeta_1920x1200.jpg,5,356,284,393,"38,56","0,00%","5,3","544,63","104959,0"
164 /ul_cb/adi/9742/9976/59417,5,83,54,109,"18,45","0,00%","7,2","12,08","1719,0"
167 /push_sync,5,68,53,89,"13,80","0,00%","7,3","2,38","334,0"
166 /ai.aspx,5,145,110,209,"35,54","0,00%","6,5","9,98","1561,2"
165 /file/63bf937ebfce1a659667f717d0ad6c36.png,5,240,209,265,"20,13","0,00%","6,5","105,33","16588,0"
168 /sync,5,158,97,222,"45,96","0,00%","7,1","3,70","530,8"
169 /tagr/v1/imp,5,121,114,135,"8,56","0,00%","7,9","4,84","628,0"
170 /tagr/v1/sync,5,62,54,80,"9,50","0,00%","8,4","5,13","628,0"
171 /ul_cb/sync,5,77,62,91,"12,38","0,00%","8,2","3,04","380,0"
172 /pixel,5,252,202,324,"45,65","0,00%","6,6","14,87","2302,0"
173 /pixel,5,156,137,173,"13,09","0,00%","8,4","10,63","1302,0"
175 /a/i/stg/500/wpsocial_1.3.0.css,5,52,39,76,"15,69","0,00%","10,2","36,51","3656,0"
177 /en_US/fbevents.js,5,155,140,189,"19,50","0,00%","8,2","31,07","3900,8"
178 /gather,5,108,95,123,"12,19","0,00%","9,2","8,03","896,0"
179 /scripts/retargeting.js,5,82,56,96,"13,84","0,00%","9,5","68,48","7419,0"
180 /scripts/btest/advertisement.js,5,233,69,812,"289,78","0,00%","6,1","1,74","293,0"
176 /pl_PL/sdk.js,5,247,234,266,"13,80","0,00%","5,1","266,41","53414,2"
182 /getCookie/,5,78,61,101,"13,62","0,00%","6,2","6,87","1129,0"
181 /scripts/bcookie/BCookie.swf,5,251,60,938,"344,02","0,00%","5,1","10,74","2174,0"
183 /connect/xd_arbiter.php,5,306,217,514,"106,76","0,00%","4,2","138,67","33852,0"
184 /api/tagUser/,5,82,65,126,"22,23","0,00%","6,1","3,77","632,2"
185 /insertProbe?v=3.0,5,79,72,89,"5,46","0,00%","5,9","2,86","494,6"
186 /serving/cookie/match/,5,347,262,396,"46,49","0,00%","4,5","4,34","992,0"
189 /_1453557646106/rexdot.js,5,142,123,181,"19,98","0,00%","5,5","7,03","1311,0"
Grupa w¹tków:43 /Uk0vQm94LzIwMTYtMDEvX2tqL2tvbWZvcnQyLzMzMA==/images/panel.jpg,1,84,84,84,"0,00","0,00%","11,9","199,77","17183,0"
Grupa w¹tków:46 /RM/ads/adstream_lx.ads/www.wp.pl/index.html/L20/256760563/x57/OasDefault/93345_209567_BlaBla_SG-wp_box57/81050_1624712625318625319625843625845626524628641648986649002651220.html/572b63595731616a6851454144755847,2,84,83,85,"1,00","0,00%","6,9","3,33","492,0"
Grupa w¹tków:47 /RM/ads/adstream_lx.ads/www.wp.pl/index.html/L20/621147073/x19/OasDefault/93493-210020_WP_ITF_geobox_CPC/841731611681612792614656614657614658614659622624644744645568648323648951.html/572b63595731616a6851454144755847,3,97,81,111,"12,39","0,00%","7,1","3,41","492,0"
Grupa w¹tków:67 /a/i/wiadomosci/favicon/favicon-160x160.png,5,87,51,164,"40,56","0,00%","2,3","24,69","11057,0"
Grupa w¹tków:54 /RM/ads/adstream_lx.ads/www.wp.pl/index.html/L20/1682830291/x53/OasDefault/93420_209832_BingoSpa_EcLarge/85482_193274_BingoSpa_EcLarge_01601772.html/572b63595731616a6851454144755847,4,83,72,89,"6,61","0,00%","4,1","1,98","492,0"
Grupa w¹tków:69 /a/i/wiadomosci/favicon/favicon-16x16.png,5,43,34,55,"8,78","0,00%","2,3","2,89","1298,0"
Grupa w¹tków:44 /RM/ads/adstream_lx.ads/www.wp.pl/index.html/L20/1480481666/x56/OasDefault/93372_209647_Esky_SG-wp_box56_01/73499_podmi494649496649498650601650617650619650620650625.html/572b63595731616a6851454144755847,1,95,95,95,"0,00","0,00%","10,5","5,06","492,0"
Grupa w¹tków:48 /RM/ads/adstream_lx.ads/www.wp.pl/index.html/L20/1277394741/x23/OasDefault/93455_209919_Lorem-geodoubleboks_01/geobox-ads1a645098645300.jpg.html/572b63595731616a6851454144755847,3,88,77,100,"9,39","0,00%","7,1","3,43","492,0"
Grupa w¹tków:70 /a/i/wiadomosci/favicon/favicon-32x32.png,5,45,38,64,"9,62","0,00%","2,3","4,42","1990,0"
Grupa w¹tków:45 /Uk0vQm94LzIwMTYtMDEvX2tqL2tvbWZvcnQyLzMzMA==/images/wykladzina.jpg,1,45,45,45,"0,00","0,00%","22,2","412,89","19026,0"
Grupa w¹tków:55 /RM/ads/adstream_lx.ads/www.wp.pl/index.html/L20/1445619734/x54/OasDefault/93318_209504_Endo_SG-wp_EClarge_05/919841643539649587.html/572b63595731616a6851454144755847,4,86,71,96,"9,28","0,00%","4,1","1,97","492,0"
Grupa w¹tków:68 /a/i/wiadomosci/favicon/favicon-96x96.png,5,68,40,128,"31,56","0,00%","2,2","13,26","6204,0"
Grupa w¹tków:49 /RM/ads/adstream_lx.ads/www.wp.pl/index.html/L20/2024054226/x25/OasDefault/93514_210046_NET_IDEAS-geodoubleboks_01/210046_baner3650567.html/572b63595731616a6851454144755847,3,81,77,88,"4,64","0,00%","7,1","3,42","492,0"
Grupa w¹tków:56 /RM/ads/adstream_lx.ads/www.wp.pl/index.html/L20/1575628087/x55/OasDefault/93419_209827_bonprix_EcLarge_01/80618_182947_Bonprix_EcLarge_01585352585354585647597500597671599295610257643493645319648190649400650983.html/572b63595731616a6851454144755847,4,92,76,111,"15,24","0,00%","3,9","1,90","492,0"
Grupa w¹tków:50 /RM/ads/adstream_lx.ads/www.wp.pl/index.html/L20/381486388/x29/OasDefault/93530_210079_diety_geobox_01/93530_210079_diety_geobox648993.html/572b63595731616a6851454144755847,3,89,68,115,"19,51","0,00%","7,3","3,51","492,0"
"Grupa w¹tków:66 /a/i/stg/692,wpjslib_103.js",5,178,136,220,"27,74","0,00%","2,0","176,31","89008,0"
Grupa w¹tków:57 /_1453557629498/rexdot.js,4,101,89,116,"10,47","0,00%","3,8","4,77","1279,0"
Grupa w¹tków:51 /RM/ads/adstream_lx.ads/www.wp.pl/index.html/L20/664989670/x50/OasDefault/93003_208834_zalando_ecSky_01/82316_186898_zalando_ecSky_015917605917655933196007956019976019996020006644939.html/572b63595731616a6851454144755847,3,96,90,105,"6,34","0,00%","7,1","3,42","492,0"
Grupa w¹tków:58 /r3594893559/clk.gif,4,98,84,109,"9,03","0,00%","3,9","6,84","1807,0"
Grupa w¹tków:52 /RM/ads/adstream_lx.ads/www.wp.pl/index.html/L20/579111995/x51/OasDefault/93419_209828_BONPRIX_EcSmall_x51_DD/792493050643489645329648180649432651083.html/572b63595731616a6851454144755847,3,94,86,110,"11,09","0,00%","7,5","3,59","492,0"
Grupa w¹tków:59 /r0969628995/dot.gif,4,101,77,112,"14,20","0,00%","3,9","8,19","2150,0"
Grupa w¹tków:53 /RM/ads/adstream_lx.ads/www.wp.pl/index.html/L20/1098421359/x52/OasDefault/92769_208343_Ceneo_EcLarge_01/79043_179521_Ceneo_EcLarge_01595240599800609051615509618707618708618747625436645485645487645488649771.html/572b63595731616a6851454144755847,3,82,73,89,"6,68","0,00%","8,0","3,83","492,0"
Grupa w¹tków:62 /desktop/js/index.min.js,5,298,237,369,"52,98","0,00%","2,0","101,34","52321,2"
Grupa w¹tków:71 /a/i/wiadomosci/favicon/favicon.ico,5,119,79,169,"36,01","0,00%","2,1","32,12","15425,0"
Grupa w¹tków:60 /,4,356,295,392,"37,40","0,00%","3,0","77,24","25983,2"
Grupa w¹tków:65 /a/i/stg/gfk/sst_100.js,4,46,42,53,"4,39","0,00%","3,7","3,41","946,0"
"Grupa w¹tków:64 /a/i/stg/550/3323,984.css",4,52,40,63,"8,51","0,00%","3,7","25,78","7193,0"
Grupa w¹tków:63 /a/i/wpsocialadmin/1.3/wpsocial.js,4,141,37,388,"143,60","0,00%","3,7","36,25","10012,0"
Grupa w¹tków:61 /s.css,5,653,389,914,"171,68","0,00%","1,8","256,88","149673,6"
Grupa w¹tków:73 /a/i/wiadomosci/rebrand/wp_w_wiadomosci.png,5,50,41,58,"6,34","0,00%","2,5","3,66","1476,0"
Grupa w¹tków:72 /a/i/wiadomosci/rebrand/wp_w.png,5,52,38,80,"15,04","0,00%","2,5","4,59","1872,0"
Grupa w¹tków:78 /a/f/jpeg/36110/kod_konstytucja2015_203.jpeg,5,75,63,91,"11,69","0,00%","2,4","33,37","13969,0"
Grupa w¹tków:77 /a/f/jpeg/36242/refugees_203.jpeg,5,65,54,75,"6,95","0,00%","2,5","28,38","11858,0"
Grupa w¹tków:76 /a/f/jpeg/36242/szyszko1_203.jpeg,5,60,37,75,"15,44","0,00%","2,5","17,23","7066,0"
Grupa w¹tków:79 /a/f/jpeg/35757/fotolia_urzednik_203.jpeg,5,59,52,63,"4,05","0,00%","2,5","14,94","6168,0"
Grupa w¹tków:82 /a/i/wiadomosci/2011/galeria_wideo.png,5,54,46,74,"10,09","0,00%","2,5","2,41","998,0"
Grupa w¹tków:93 /a/f/jpeg/36242/pawlowicz_grozi_tvn140.jpeg,5,65,41,92,"18,42","0,00%","2,4","20,34","8545,0"
Grupa w¹tków:100 /a/f/jpeg/36213/oobietnice_eastnews_140.jpeg,5,63,59,75,"5,82","0,00%","2,4","13,83","5793,0"
Grupa w¹tków:102 /a/f/jpeg/33619/boeing_katowice_airport_fb_140.jpeg,5,54,48,68,"7,17","0,00%","2,5","9,84","4101,0"
Grupa w¹tków:92 /a/f/jpeg/35573/wp_szelemej_andrzej_duda_140.jpeg,5,99,70,137,"24,64","0,00%","2,4","56,32","24281,0"
Grupa w¹tków:109 /bar.gif,5,67,57,84,"9,44","0,00%","2,4","1,49","642,0"
Grupa w¹tków:110 /a/f/jpeg/32086/rosja_flaga_pap_epa_arch_140.jpeg,5,136,39,373,"121,46","0,00%","2,0","15,34","7670,0"
"Grupa w¹tków:91 /r,id,d14xNDA7aF45MDt1Xmh0dHA6Ly9pLndwLnBsL2EvZi9qcGVnLzM2MjM1L3RlbGUyMDMuanBlZztxXjAuOTtjXnRydWU7c2NedHJ1ZTt0XmpwZztzXndpYWRvbW9zY2k7ZnReMQ==.jpg",5,69,61,88,"9,69","0,00%","2,0","18,42","9403,0"
Grupa w¹tków:98 /a/f/jpeg/36223/petru_pap_epa_140.jpeg,5,134,65,228,"59,86","0,00%","1,9","30,35","16535,0"
"Grupa w¹tków:83 /r,id,d142NTA7aF4xMDA7dV5odHRwOi8vaS53cC5wbC9hL2YvanBlZy8zNjAyOC9kdXphX3NhbGFfcm96cHJhd190azMwMC5qcGVnO3FeMC44O2NedHJ1ZTtzY150cnVlO3ReanBnO3Ned2lhZG9tb3NjaTtmdF4x.jpg",5,142,63,282,"74,37","0,00%","1,8","33,36","18934,0"
Grupa w¹tków:81 /a/f/jpeg/36242/saka_203.jpeg,5,247,123,367,"100,27","0,00%","1,7","53,32","32695,0"
Grupa w¹tków:112 /pl1-sst-w.js,5,70,62,85,"8,42","0,00%","1,9","4,42","2445,0"
Grupa w¹tków:101 /a/f/jpeg/28383/wp_telewizja_pilot_telewizor_szelemej_140.jpeg,5,185,70,258,"62,88","0,00%","1,8","49,30","28818,0"
Grupa w¹tków:116 /collect,5,44,25,70,"16,33","0,00%","1,9","0,72","386,0"
Grupa w¹tków:113 /a/f/jpeg/29501/wp_donald_tusk_marcin_gadomski140.jpeg,5,180,86,420,"122,28","0,00%","1,8","38,14","21323,0"
Grupa w¹tków:111 /a/f/jpeg/32509/wp_logo_po_sejm_baner_andrzej_hulimka140.jpeg,5,206,62,407,"113,80","0,00%","1,8","56,79","32156,0"
Grupa w¹tków:115 /bar.gif,5,34,1,73,"29,63","40,00%","2,0","2,35","1222,6"
Grupa w¹tków:114 /r2089512291/dot.gif,5,108,78,145,"23,27","0,00%","1,9","4,03","2127,0"
Grupa w¹tków:88 /a/i/wiadomosci/2011/galeria_foto.png,5,46,37,59,"7,89","0,00%","2,0","1,79","915,0"
Grupa w¹tków:84 /a/f/jpeg/36229/fotolia_pies_patyk_203.jpeg,5,78,56,107,"17,84","0,00%","2,0","20,88","10834,0"
Grupa w¹tków:85 /a/f/jpeg/36232/planeta_203.jpeg,5,120,95,144,"20,41","0,00%","2,0","36,26","18743,0"
Grupa w¹tków:74 /a/f/jpeg/28443/pap_szkola_pusta_klasa_388.jpeg,5,199,126,242,"41,77","0,00%","2,0","63,91","32997,0"
Grupa w¹tków:87 /a/f/jpeg/28460/wp_sad_akta_gadomski_203.jpeg,5,243,208,344,"52,19","0,00%","2,0","77,35","39871,0"
Grupa w¹tków:97 /a/f/jpeg/36212/kaczynski_smiech_xnews_140.jpeg,5,51,42,61,"7,11","0,00%","2,1","10,19","4965,0"
Grupa w¹tków:97 /a/f/jpeg/36211/miller_pap_140.jpeg,5,85,72,101,"12,11","0,00%","2,1","22,57","11143,0"
Grupa w¹tków:75 /a/f/jpeg/36241/pap_epa_moldawia_203.jpeg,5,218,194,264,"24,15","0,00%","1,9","65,05","34254,0"
Grupa w¹tków:106 /a/f/jpeg/33057/blisko_slawomir_mrowinski_wspsz_pz_140.jpeg,5,127,89,172,"28,17","0,00%","2,0","30,64","15526,0"
Grupa w¹tków:94 /a/f/jpeg/36242/saka_140.jpeg,5,192,131,240,"40,68","0,00%","1,9","44,13","23372,0"
Grupa w¹tków:104 /a/f/jpeg/33627/mcdonalds_afp140.jpeg,5,68,46,137,"34,38","0,00%","2,0","13,31","6967,0"
Grupa w¹tków:95 /a/f/jpeg/36241/wp_zaremba_140.jpeg,5,63,53,85,"11,46","0,00%","1,9","11,20","5953,0"
Grupa w¹tków:103 /a/f/jpeg/33659/epa_wlochy_ulica_architektura_140.jpeg,5,119,44,329,"106,63","0,00%","1,9","14,68","7869,0"
Grupa w¹tków:105 /a/f/jpeg/33078/tvn_140.jpeg,5,63,38,107,"22,98","0,00%","2,0","13,31","6838,0"
Grupa w¹tków:80 /a/f/jpeg/33179/separatysci_ukraina_afp203.jpeg,5,499,358,815,"168,36","0,00%","1,7","123,18","75705,0"
Grupa w¹tków:99 /a/f/jpeg/33463/kajdanki_zatrzymanie_kobieta_policja140.jpeg,5,231,136,502,"136,30","0,00%","1,8","46,45","26762,0"
Grupa w¹tków:96 /a/f/jpeg/36233/pis_eastnews_140.jpeg,5,61,45,92,"16,55","0,00%","1,8","11,06","6134,0"
"Grupa w¹tków:86 /r,id,d14xNDA7aF45MDt1Xmh0dHA6Ly9pLndwLnBsL2EvZi9qcGVnLzM2MjM5L3BpczIwMy5qcGVnO3FeMC45O2NedHJ1ZTtzY150cnVlO3ReanBnO3Ned2lhZG9tb3NjaTtmdF4x.jpg",5,60,39,70,"10,97","0,00%","1,9","19,78","10903,0"
"Grupa w¹tków:108 /a/i/stg/692,xgemius.js",5,61,44,102,"20,98","0,00%","1,9","10,18","5561,0"
"Grupa w¹tków:89 /r,id,d14xNDA7aF45MDt1Xmh0dHA6Ly9pLndwLnBsL2EvZi9qcGVnLzM2MjM4L25qMjAzLmpwZWc7cV4wLjk7Y150cnVlO3NjXnRydWU7dF5qcGc7c153aWFkb21vc2NpO2Z0XjE=.jpg",5,566,48,1321,"612,79","0,00%","1,4","14,50","10510,0"
Grupa w¹tków:107 /pliki/753_20160123143.js,5,55,31,69,"13,76","0,00%","1,4","8,62","6269,0"
Grupa w¹tków:117 /RM/Box/c/b/adrail/rail-multi-1.4.4a.js,5,132,98,164,"22,21","0,00%","1,4","12,77","9409,0"
Grupa w¹tków:118 /,5,104,84,115,"11,58","0,00%","1,4","7,48","5426,4"
Grupa w¹tków:123 /RM/ads/adstream_lx.ads/wiadomosci.wp.pl/index.html/L27/1709948930/x05/OasDefault/WP_GoogleADX_Finansowe_all_3_rectangle/adM2.html/572b63595731616a6851454144755847,5,0,0,0,"0,00","100,00%","1,5","1,73","1217,0"
Grupa w¹tków:119 /a/i/wiadomosci/rebrand/google_red.png,5,43,37,49,"4,18","0,00%","1,4","1,82","1300,0"
Grupa w¹tków:121 /a/i/wiadomosci/rebrand/ic_pogoda.png,5,93,61,127,"23,83","0,00%","1,4","16,16","11747,0"
Grupa w¹tków:125 /a/i/wiadomosci/2011/kreska.gif,5,48,27,62,"12,53","0,00%","1,4","2,02","1434,0"
"Grupa w¹tków:90 /r,id,d14xNDA7aF45MDt1Xmh0dHA6Ly9pLndwLnBsL2EvZi9qcGVnLzM2MjM1L2ltaWdyYW5jaV9hZnAyMDMuanBlZztxXjAuOTtjXnRydWU7c2NedHJ1ZTt0XmpwZztzXndpYWRvbW9zY2k7ZnReMQ==.jpg",5,408,62,1310,"457,70","0,00%","1,4","12,40","9070,0"
Grupa w¹tków:126 /a/i/wiadomosci/2011/dotts.gif,5,49,37,61,"10,37","0,00%","1,9","2,64","1427,0"
Grupa w¹tków:127 /a/i/wiadomosci/2011/li_dot.gif,5,44,28,69,"14,26","0,00%","1,9","2,66","1428,0"
Grupa w¹tków:124 /a/i/wiadomosci/2011/sprites.png,5,40,28,57,"9,39","0,00%","1,9","2,05","1098,0"
Grupa w¹tków:122 /a/i/wiadomosci/rebrand/sprite.png,5,75,36,105,"22,22","0,00%","1,9","30,59","16748,0"
Grupa w¹tków:120 /i/ivar/layout/201201/gwp_s.png,5,117,85,148,"26,94","0,00%","1,8","42,14","23450,0"
Grupa w¹tków:128 /a/i/wiadomosci/2011/helvetica45regular-webfont.woff,5,215,97,398,"125,34","0,00%","1,9","36,40","19988,0"
Grupa w¹tków:129 /redir,5,250,117,636,"195,14","0,00%","1,8","3,98","2233,0"
Grupa w¹tków:130 /tag/js/gpt.js,5,50,39,84,"16,81","0,00%","1,9","3,47","1884,0"
Grupa w¹tków:131 /RM/ads/adstream_lx.ads/wiadomosci.wp.pl/index.html/L27/212040073/x29/OasDefault/BusinessClick_Wiadomosci_boks29/2boksy-028.html/572b63595731616a6851454144755847,5,0,0,0,"0,00","100,00%","1,9","2,31","1215,0"
Grupa w¹tków:132 /RM/ads/adstream_lx.ads/wiadomosci.wp.pl/index.html/L27/1029735449/x34/OasDefault/WP_GoogleADX_Finansowe_all_3_rectangle/5230661.html/572b63595731616a6851454144755847,5,0,0,0,"0,00","100,00%","1,9","2,32","1220,0"
Grupa w¹tków:134 /a/i/wiadomosci/2011/opacity70.png,5,44,31,56,"8,96","0,00%","1,9","0,80","426,0"
Grupa w¹tków:135 /RM/ads/adstream_lx.ads/wiadomosci.wp.pl/index.html/L27/1806500843/x37/OasDefault/WP_GoogleADX_Finansowe_all_3_msky/5230662.html/572b63595731616a6851454144755847,5,0,0,0,"0,00","100,00%","1,9","2,30","1215,0"
Grupa w¹tków:133 /awrapper,5,162,100,290,"67,43","0,00%","1,8","10,66","5997,2"
Grupa w¹tków:140 /18710/aca044db3847e45d5ab0b4afbd474725/57586d6c6d3921e854071cf783dfa36e.jpeg,5,55,23,87,"21,64","0,00%","2,0","8,60","4372,2"
Grupa w¹tków:138 /18136/95fe7238408b7340ec21ef276246a21f/c1f33653fb579cb6857d09c181f3fe5f.jpg,5,101,60,198,"50,60","0,00%","2,0","29,69","15365,2"
Grupa w¹tków:142 /RM/ads/adstream_lx.ads/wiadomosci.wp.pl/index.html/L27/1888311343/x18/OasDefault/WP_GoogleADX_Finansowe_all_3_rectangle/adM2584638.html/572b63595731616a6851454144755847,5,0,0,0,"0,00","100,00%","2,0","2,42","1223,0"
Grupa w¹tków:141 /mailing/,5,53,40,63,"8,87","0,00%","2,0","0,56","290,2"
Grupa w¹tków:139 /18299/7a15e647f00037503727555362641937/b491b4d320a541a7db2cfcbf0cc9d5d6.png,5,184,85,362,"104,86","0,00%","2,0","77,32","40539,2"
Grupa w¹tków:137 /ii/pl_pl/_7931/200x100/200x100ron/5d45320f/pfnzm/,5,0,0,1,"0,49","100,00%","2,2","4,41","2089,0"
Grupa w¹tków:143 /a/i/wiadomosci/2011/ico_star.png,5,48,28,82,"20,79","0,00%","2,1","1,85","890,0"
Grupa w¹tków:145 /a/i/wptv3/sprites/minimal_age_icon.png,5,55,41,77,"12,38","0,00%","2,2","8,61","4098,0"
Grupa w¹tków:136 /bs/,5,92,79,106,"10,03","0,00%","2,1","1,43","690,0"
Grupa w¹tków:146 /redir,5,115,87,140,"18,88","0,00%","2,1","4,54","2229,0"
Grupa w¹tków:149 /,5,65,60,73,"6,37","0,00%","2,1","1,48","716,2"
Grupa w¹tków:144 /redir,5,154,102,249,"52,21","0,00%","2,0","4,45","2229,0"
Grupa w¹tków:150 /RM/ads/adstream_lx.ads/wiadomosci.wp.pl/index.html/L27/492769225/x28/OasDefault/BusinessClick_Wiadomosci_boks28/2boksy-028.html/572b63595731616a6851454144755847,5,0,0,0,"0,00","100,00%","2,3","2,70","1215,0"
Grupa w¹tków:148 /redir,5,211,98,526,"160,60","0,00%","2,2","4,74","2229,0"
Grupa w¹tków:152 /a/i/wiadomosci/box-reporter-header.png,5,44,37,58,"7,19","0,00%","2,8","11,14","4115,0"
Grupa w¹tków:153 /a/i/wiadomosci/box-reporter-bg.png,5,166,89,333,"87,17","0,00%","2,7","46,01","17367,0"
Grupa w¹tków:151 /awrapper,5,122,94,176,"28,62","0,00%","2,8","14,51","5378,4"
Grupa w¹tków:155 /arrow-3.png,5,42,24,79,"20,38","0,00%","3,0","1,98","673,2"
Grupa w¹tków:154 /18414/a56a82fee3e14e4b9f2a35d47c25c24c/1368e0017860f1e7bfeac8b67a5263ab.jpeg,5,53,40,66,"8,98","0,00%","3,0","20,54","6982,2"
Grupa w¹tków:156 /RM/ads/adstream_lx.ads/wiadomosci.wp.pl/index.html/L-27/1500402189/x06/OasDefault/92747_208301_Suzuki_naglowek_tapeta_wiadomosci_03/78635_190153_wiadomosci_bosh_nagltap_01a1620656620657624099626059626388642578646124648883.html/572b63595731616a6851454144755847,5,39,32,53,"7,14","0,00%","3,0","1,46","492,0"
Grupa w¹tków:158 /r0047775077/show.gif,5,80,58,103,"18,36","0,00%","3,0","5,06","1701,0"
Grupa w¹tków:157 /pages/scripts/0011/6469.js,5,65,55,73,"6,60","0,00%","3,1","1,45","478,0"
Grupa w¹tków:159 /Uk0vQm94LzIwMTYtMDEvX21pcmVrLzEz/moto_naglowek_1920x142_v2.jpg,5,1,1,1,"0,00","100,00%","3,2","6,61","2089,0"
Grupa w¹tków:160 /g/fsc.gif,5,43,30,59,"11,57","0,00%","3,1","1,39","453,4"
Grupa w¹tków:147 /as/ADX_nowy_brakkodu.html,5,0,0,1,"0,40","100,00%","3,3","6,64","2089,0"
Grupa w¹tków:162 /RM/ads/adstream_lx.ads/wiadomosci.wp.pl/index.html/L-27/813839103/x10/OasDefault/93373_209668_QuismaHollywood_box1/quisma10.html/572b63595731616a6851454144755847,5,72,69,80,"3,76","0,00%","3,1","1,48","492,0"
Grupa w¹tków:163 /adi/9742/9976/59417,5,0,0,1,"0,40","100,00%","3,2","6,59","2089,0"
Grupa w¹tków:161 /Uk0vQm94LzIwMTYtMDEvX21pcmVrLzA3/tapeta_1920x1200.jpg,5,1736,284,3851,"1383,40","0,00%",",9","94,85","104959,0"
Grupa w¹tków:164 /ul_cb/adi/9742/9976/59417,5,107,91,129,"13,62","0,00%","1,0","1,61","1719,0"
Grupa w¹tków:167 /push_sync,5,59,51,68,"6,97","0,00%","1,0","0,32","334,0"
Grupa w¹tków:166 /ai.aspx,5,280,95,688,"229,35","0,00%",",9","1,22","1369,6"
Grupa w¹tków:165 /file/63bf937ebfce1a659667f717d0ad6c36.png,5,0,0,1,"0,49","100,00%",",9","1,90","2089,0"
Grupa w¹tków:168 /sync,5,61,48,100,"19,67","0,00%",",9","0,48","530,8"
Grupa w¹tków:169 /tagr/v1/imp,5,397,93,1535,"568,80","0,00%",",9","0,57","628,2"
Grupa w¹tków:170 /tagr/v1/sync,5,50,45,57,"4,10","0,00%",",9","0,57","628,0"
Grupa w¹tków:171 /ul_cb/sync,5,51,39,75,"12,59","0,00%",",9","0,35","380,0"
Grupa w¹tków:172 /pixel,5,212,135,428,"108,59","0,00%",",9","2,07","2302,0"
Grupa w¹tków:173 /pixel,5,146,90,345,"99,22","0,00%",",9","1,18","1302,0"
Grupa w¹tków:175 /a/i/stg/500/wpsocial_1.3.0.css,5,52,34,91,"21,51","0,00%","1,0","3,53","3656,0"
Grupa w¹tków:177 /en_US/fbevents.js,5,57,45,67,"7,86","0,00%","1,0","3,74","3900,8"
Grupa w¹tków:178 /gather,5,74,56,102,"16,38","0,00%","1,0","0,86","896,0"
Grupa w¹tków:179 /scripts/retargeting.js,5,65,60,73,"5,19","0,00%","1,0","7,13","7419,0"
Grupa w¹tków:180 /scripts/btest/advertisement.js,5,128,50,383,"127,68","0,00%","1,0","0,28","293,0"
Grupa w¹tków:176 /pl_PL/sdk.js,5,157,141,181,"13,28","0,00%","1,0","50,01","53414,2"
Grupa w¹tków:182 /getCookie/,5,63,55,74,"6,41","0,00%","1,0","1,08","1129,0"
Grupa w¹tków:181 /scripts/bcookie/BCookie.swf,5,145,49,475,"164,84","0,00%","1,0","2,07","2174,0"
Grupa w¹tków:183 /connect/xd_arbiter.php,5,214,146,444,"115,28","0,00%","1,0","31,74","33852,0"
Grupa w¹tków:184 /api/tagUser/,5,58,53,60,"2,61","0,00%","1,0","0,72","750,6"
Grupa w¹tków:185 /insertProbe?v=3.0,4,63,55,80,"10,03","0,00%","1,0","0,46","493,5"
Grupa w¹tków:186 /serving/cookie/match/,4,300,217,372,"60,28","0,00%",",9","0,86","992,0"
Grupa w¹tków:189 /_1453557646106/rexdot.js,4,111,88,127,"14,75","0,00%",",9","1,18","1311,0"
Grupa w¹tków:1 /,3,493,304,694,"159,42","0,00%",",9","41,67","45684,7"
Grupa w¹tków:4 /r/collect,3,51,39,75,"16,97","0,00%","1,1","0,39","373,0"
Grupa w¹tków:6 /rgr.html,3,45,40,50,"4,08","0,00%","1,1","0,99","945,7"
Grupa w¹tków:3 /bar.gif,3,36,28,47,"7,93","0,00%","1,1","0,68","642,0"
Grupa w¹tków:5 /,3,340,282,392,"45,15","0,00%","1,0","18,85","19485,0"
Grupa w¹tków:2 /r0598324501/dot.gif,3,90,67,102,"16,27","0,00%","1,1","2,26","2120,0"
Grupa w¹tków:7 /bar.gif,3,1,1,1,"0,00","100,00%","1,1","2,30","2089,0"
Grupa w¹tków:9 /RM/ads/adstream_lx.ads/www.wp.pl/index.html/L20/36029094/x90/OasDefault/WP_InfinityBokx_kodsterujacy/4743833.html/572b63595731616a6851454144755847,3,0,0,0,"0,00","100,00%","1,1","1,32","1201,0"
Grupa w¹tków:10 /RM/ads/adstream_lx.ads/www.wp.pl/index.html/L9/1176008870/x32/OasDefault/PustyPontencjal_ROS_boks32/zliczenie_pustego_boks32.html/572b63595731616a6851454144755847,3,0,0,0,"0,00","100,00%","1,1","1,33","1217,0"
Grupa w¹tków:8 /RM/ads/adstream_lx.ads/www.wp.pl/index.html/L20/15216419/x91/OasDefault/WP_InfinitySky_kodsterujacy/4743833.html/572b63595731616a6851454144755847,3,0,0,0,"0,00","100,00%","1,1","1,32","1200,0"
Grupa w¹tków:11 /g/fsc.gif,3,45,39,53,"5,89","0,00%","1,1","0,49","455,0"
Grupa w¹tków:12 /Uk0vQm94LzIwMTYtMDEvcnAvOTM0MTkvMjAuMDE=/wp_dd_158x91_21012016.jpg,3,1,1,1,"0,00","100,00%","1,1","2,30","2089,0"
Grupa w¹tków:14 /RM/ads/adstream_lx.ads/www.wp.pl/index.html/L20/457449643/x86/OasDefault/3419_209830_BONPRIX_kafelek_StylZycia_DD/92-hairmastic583682595689595695597368599246602007607278607281607283607341629344643469643475645391645393649429651085.html/572b63595731616a6851454144755847,3,77,73,81,"3,40","0,00%","1,1","0,53","492,0"
Grupa w¹tków:13 /Uk0vQm94LzIwMTYtMDEvcnAvOTM0MTkvMjEuMDE=/wp_dd_158x91_21012016.jpg,3,236,144,410,"122,66","0,00%","1,1","13,94","13337,0"
Grupa w¹tków:16 /r1121918215/show.gif,3,242,80,537,"208,72","0,00%","1,1","1,76","1653,0"
Grupa w¹tków:19 /RM/ads/adstream_lx.ads/www.wp.pl/index.html/L20/1172023521/x84/OasDefault/80270_182170_wp_sg_link_sport_kafelek_diety/80058_181732_sg_purehealth_link-sport-kafel_01a2602698650217.html/572b63595731616a6851454144755847,3,80,67,96,"11,90","0,00%","1,3","0,63","492,0"
Grupa w¹tków:15 /Uk0vQm94LzIwMTUtMTIvX2Jhc3NrYS8xMjE=/158x292_sale.jpg,3,1,1,1,"0,00","100,00%","1,4","2,76","2089,0"
Grupa w¹tków:17 /Uk0vQm94LzIwMTUtMTIvX2Jhc3NrYS8xNDU=/158x292_z-domu_antena.jpg,3,115,98,149,"23,81","0,00%","1,3","16,09","12996,0"
Grupa w¹tków:18 /RM/ads/adstream_lx.ads/www.wp.pl/index.html/L20/1350583719/x85/OasDefault/93419_209829_BONPRIX_kafelek_Finanse_DD/92-hairmastic583682595689595695597368599246602007607278607281607283607341629344643469643475645391645393649429.html/572b63595731616a6851454144755847,3,89,78,112,"15,80","0,00%","1,3","0,61","492,0"
Grupa w¹tków:22 /RM/ads/adstream_lx.ads/www.wp.pl/index.html/L20/796746306/x27/OasDefault/84701_209539_NCplus_SG-wp_geobox_01/847011626949645464645465645466647254650333.html/572b63595731616a6851454144755847,2,85,85,85,"0,00","0,00%","1,5","0,71","492,0"
Grupa w¹tków:21 /RM/ads/adstream_lx.ads/www.wp.pl/index.html/L20/367148523/x81/OasDefault/94045_211396_sg_archicom_linkRegio_01/94045_211396_sg_archicom_linkRegio_01a5.html/572b63595731616a6851454144755847,2,77,63,91,"14,00","0,00%","1,5","0,73","492,0"
Grupa w¹tków:20 /RM/ads/adstream_lx.ads/www.wp.pl/index.html/L20/1135066478/x82/OasDefault/93505_210039_Sport_zaslepka_linktxt_01/2100391648345650916.html/572b63595731616a6851454144755847,2,77,74,81,"3,50","0,00%","1,5","0,73","492,0"
Grupa w¹tków:23 /RM/ads/adstream_lx.ads/www.wp.pl/index.html/L20/1450252604/x21/OasDefault/92914_208682__Denley_SG-wp_geobox_2/2063531644344644346644347645438645440645441650258.html/572b63595731616a6851454144755847,2,80,66,95,"14,50","0,00%","1,5","0,73","492,0"
Grupa w¹tków:24 /RM/ads/adstream_lx.ads/www.wp.pl/index.html/L20/1311665762/x13/OasDefault/92418-199099_Lidl_wpbox_Finanse_23-01/175975_LIDL_wpbox-finanse_1_IV_01599947603368604459619646626285628198651050651051.html/572b63595731616a6851454144755847,2,84,78,90,"6,00","0,00%","1,5","0,74","492,0"
Grupa w¹tków:25 /RM/ads/adstream_lx.ads/www.wp.pl/index.html/L20/944324183/x11/OasDefault/94306_211902_Komfort_sg_wpbox11_01/2119021.html/572b63595731616a6851454144755847,2,78,70,86,"8,00","0,00%","1,5","0,73","492,0"
Grupa w¹tków:26 /Uk0vQm94LzIwMTYtMDEvX2tqL2tvbWZvcnQyLzMzMA==/komfort_wyprzedaz_330x170.html,2,1,1,1,"0,00","100,00%","1,6","3,31","2089,0"
Grupa w¹tków:27 /Uk0vQm94LzIwMTYtMDEvamVqby85NDI3NGxvcmVt/72letnia1a.jpg,2,715,44,1386,"671,00","0,00%","1,4","17,01","12068,0"
Grupa w¹tków:36 /Uk0vQm94LzIwMTUtMTIvcnAvOTE3MjcvMTUuMTI=/158x120_PL_txf_snakersy_vr_140930_1512.jpg,2,90,60,121,"30,50","0,00%","8,9","133,45","15373,0"
Grupa w¹tków:30 /Uk0vQm94LzIwMTYtMDEvamVqby85MzUxNGdlbw==/v2_baner3-158x292.jpg,1,88,88,88,"0,00","0,00%","11,4","253,22","22818,0"
Grupa w¹tków:34 /Uk0vQm94LzIwMTYtMDEvbWIvOTMzMTg=/322x191.gif,1,239,239,239,"0,00","0,00%","4,2","93,06","22776,0"
RAZEM,1954,115,0,3851,"181,01","9,31%","41,8","405,12","9928,1"
